-- phpMyAdmin SQL Dump
-- version 5.1.1
-- https://www.phpmyadmin.net/
--
-- Host: localhost:3306
-- Generation Time: Dec 29, 2021 at 02:32 PM
-- Server version: 10.4.21-MariaDB
-- PHP Version: 8.0.11

SET SQL_MODE = "NO_AUTO_VALUE_ON_ZERO";
START TRANSACTION;
SET time_zone = "+00:00";


/*!40101 SET @OLD_CHARACTER_SET_CLIENT=@@CHARACTER_SET_CLIENT */;
/*!40101 SET @OLD_CHARACTER_SET_RESULTS=@@CHARACTER_SET_RESULTS */;
/*!40101 SET @OLD_COLLATION_CONNECTION=@@COLLATION_CONNECTION */;
/*!40101 SET NAMES utf8mb4 */;

--
-- Database: `db_mediciones`
--

-- --------------------------------------------------------

--
-- Table structure for table `mediciones`
--

CREATE TABLE `mediciones` (
  `id` int(11) NOT NULL,
  `medicion` float NOT NULL,
  `fecha` date DEFAULT NULL,
  `hora` time DEFAULT NULL,
  `localizacion_lat` float DEFAULT NULL,
  `localizacion_lon` float DEFAULT NULL,
  `id_sensor` int(11) DEFAULT NULL,
  `id_tipoMedicion` int(11) DEFAULT NULL
) ENGINE=InnoDB DEFAULT CHARSET=utf8mb4;

--
-- Dumping data for table `mediciones`
--

INSERT INTO `mediciones` (`id`, `medicion`, `fecha`, `hora`, `localizacion_lat`, `localizacion_lon`, `id_sensor`, `id_tipoMedicion`) VALUES
(1, 16.79, '2021-12-29', '22:59:36', 38.971, -0.186, 1, 4),
(2, 8, '2021-12-29', '08:19:44', 39.009, -0.17, 1, 6),
(3, 28.13, '2021-12-29', '15:02:47', 38.989, -0.187, 1, 5),
(4, 3.56, '2021-12-29', '00:08:24', 38.992, -0.173, 1, 5),
(5, 5.76, '2021-12-29', '11:45:28', 38.963, -0.198, 1, 3),
(6, 15.64, '2021-12-29', '17:50:27', 38.963, -0.168, 1, 6),
(7, 24.23, '2021-12-29', '14:38:08', 38.97, -0.201, 1, 6),
(8, 3.51, '2021-12-29', '16:10:50', 38.992, -0.21, 1, 6),
(9, 29, '2021-12-29', '07:45:24', 38.969, -0.193, 1, 5),
(10, 29.54, '2021-12-29', '13:51:05', 39.007, -0.211, 1, 6),
(11, 19.12, '2021-12-29', '00:01:57', 38.979, -0.179, 1, 6),
(12, 27.41, '2021-12-29', '16:38:08', 39.01, -0.187, 1, 6),
(13, 10.99, '2021-12-29', '02:24:34', 38.964, -0.192, 1, 5),
(14, 25.69, '2021-12-29', '08:12:39', 38.98, -0.215, 1, 6),
(15, 27.29, '2021-12-29', '15:15:34', 38.965, -0.213, 1, 5),
(16, 1.73, '2021-12-29', '15:32:21', 38.98, -0.175, 1, 3),
(17, 1.6, '2021-12-29', '21:55:25', 39.004, -0.212, 1, 4),
(18, 6.74, '2021-12-29', '06:08:34', 38.994, -0.185, 1, 3),
(19, 18.58, '2021-12-29', '06:27:50', 38.996, -0.17, 1, 3),
(20, 36.84, '2021-12-29', '10:32:49', 38.99, -0.199, 1, 3),
(21, 8.51, '2021-12-29', '08:45:13', 38.995, -0.202, 1, 5),
(22, 15.47, '2021-12-29', '02:59:18', 39.002, -0.17, 1, 6),
(23, 19.48, '2021-12-29', '23:06:57', 38.986, -0.205, 1, 6),
(24, 23.72, '2021-12-29', '11:18:27', 38.993, -0.209, 1, 6),
(25, 6.35, '2021-12-29', '18:10:12', 38.992, -0.196, 1, 6),
(26, 30.48, '2021-12-29', '02:47:36', 38.994, -0.192, 1, 4),
(27, 25.33, '2021-12-29', '12:37:36', 38.964, -0.185, 1, 4),
(28, 1.55, '2021-12-29', '13:36:19', 38.984, -0.183, 1, 6),
(29, 31.71, '2021-12-29', '16:12:14', 38.977, -0.19, 1, 5),
(30, 19.82, '2021-12-29', '23:28:13', 38.992, -0.169, 1, 5),
(31, 24.78, '2021-12-29', '12:50:00', 38.98, -0.187, 1, 3),
(32, 3.04, '2021-12-29', '15:13:57', 38.986, -0.179, 1, 3),
(33, 31.61, '2021-12-29', '08:31:06', 38.98, -0.18, 1, 6),
(34, 6.74, '2021-12-29', '20:55:13', 38.995, -0.18, 1, 3),
(35, 34.91, '2021-12-29', '18:33:21', 39.004, -0.201, 1, 5),
(36, 23, '2021-12-29', '15:52:26', 38.984, -0.189, 1, 6),
(37, 4.79, '2021-12-29', '18:21:22', 38.96, -0.186, 1, 3),
(38, 36.89, '2021-12-29', '04:07:12', 38.973, -0.208, 1, 4),
(39, 15.78, '2021-12-29', '09:22:09', 38.999, -0.21, 1, 5),
(40, 2.25, '2021-12-29', '14:40:18', 38.989, -0.198, 1, 3),
(41, 23.63, '2021-12-29', '14:01:08', 38.965, -0.197, 1, 5),
(42, 32.36, '2021-12-29', '05:44:59', 39.004, -0.193, 1, 4),
(43, 25.33, '2021-12-29', '20:42:15', 38.983, -0.178, 1, 6),
(44, 14.49, '2021-12-29', '20:27:05', 39, -0.187, 1, 6),
(45, 9.51, '2021-12-29', '11:13:15', 39.004, -0.198, 1, 3),
(46, 36.84, '2021-12-29', '18:32:51', 38.978, -0.192, 1, 6),
(47, 35.11, '2021-12-29', '08:04:09', 38.966, -0.183, 1, 3),
(48, 29.49, '2021-12-29', '23:45:30', 38.975, -0.2, 1, 6),
(49, 10.79, '2021-12-29', '09:00:22', 38.973, -0.18, 1, 6),
(50, 23.15, '2021-12-29', '19:53:34', 38.968, -0.188, 1, 5),
(51, 23.18, '2021-12-29', '16:58:02', 38.977, -0.188, 1, 4),
(52, 23.14, '2021-12-29', '02:45:13', 38.965, -0.206, 1, 4),
(53, 6.69, '2021-12-29', '17:34:32', 38.974, -0.185, 1, 6),
(54, 38.68, '2021-12-29', '02:29:20', 38.993, -0.202, 1, 6),
(55, 6.18, '2021-12-29', '00:32:05', 38.972, -0.17, 1, 4),
(56, 18.85, '2021-12-29', '06:02:19', 38.961, -0.202, 1, 4),
(57, 12.73, '2021-12-29', '10:41:23', 38.966, -0.21, 1, 5),
(58, 35.83, '2021-12-29', '01:52:39', 38.999, -0.18, 1, 6),
(59, 23.82, '2021-12-29', '08:19:11', 38.969, -0.204, 1, 4),
(60, 16.98, '2021-12-29', '08:10:02', 38.972, -0.17, 1, 4),
(61, 0.55, '2021-12-29', '05:37:39', 38.972, -0.167, 1, 6),
(62, 16.4, '2021-12-29', '07:47:59', 38.995, -0.187, 1, 4),
(63, 26.1, '2021-12-29', '22:14:39', 38.993, -0.187, 1, 6),
(64, 17.53, '2021-12-29', '14:21:00', 38.973, -0.195, 1, 4),
(65, 13.86, '2021-12-29', '17:59:55', 39.002, -0.186, 1, 5),
(66, 39.33, '2021-12-29', '03:38:54', 38.969, -0.201, 1, 3),
(67, 4, '2021-12-29', '06:57:15', 38.993, -0.189, 1, 3),
(68, 28.37, '2021-12-29', '13:17:43', 38.986, -0.175, 1, 5),
(69, 19.83, '2021-12-29', '08:06:08', 38.961, -0.194, 1, 3),
(70, 29.72, '2021-12-29', '21:09:55', 38.988, -0.215, 1, 4),
(71, 31.03, '2021-12-29', '05:55:28', 38.989, -0.21, 1, 3),
(72, 27.86, '2021-12-29', '02:21:34', 39.004, -0.177, 1, 5),
(73, 13.14, '2021-12-29', '17:02:47', 38.983, -0.172, 1, 5),
(74, 32.6, '2021-12-29', '05:00:05', 38.96, -0.183, 1, 6),
(75, 19.25, '2021-12-29', '15:30:31', 38.993, -0.206, 1, 6),
(76, 9.95, '2021-12-29', '23:58:49', 38.997, -0.21, 1, 4),
(77, 19.91, '2021-12-29', '00:42:31', 38.997, -0.189, 1, 6),
(78, 27.39, '2021-12-29', '01:59:17', 38.985, -0.169, 1, 4),
(79, 38.8, '2021-12-29', '12:35:02', 38.995, -0.207, 1, 6),
(80, 1.79, '2021-12-29', '18:11:51', 38.969, -0.2, 1, 3),
(81, 28.64, '2021-12-29', '23:06:25', 38.986, -0.17, 1, 4),
(82, 21.97, '2021-12-29', '12:38:37', 38.967, -0.201, 1, 4),
(83, 29.46, '2021-12-29', '04:57:19', 38.98, -0.201, 1, 5),
(84, 21.67, '2021-12-29', '20:17:57', 38.976, -0.179, 1, 6),
(85, 27.29, '2021-12-29', '00:10:22', 38.961, -0.182, 1, 4),
(86, 14.78, '2021-12-29', '19:45:03', 39.002, -0.207, 1, 5),
(87, 2.44, '2021-12-29', '00:53:54', 39.009, -0.17, 1, 6),
(88, 5.15, '2021-12-29', '15:00:36', 39.002, -0.195, 1, 4),
(89, 37.42, '2021-12-29', '03:43:31', 38.974, -0.198, 1, 5),
(90, 18.18, '2021-12-29', '17:27:46', 38.998, -0.209, 1, 5),
(91, 34.22, '2021-12-29', '23:56:54', 38.991, -0.17, 1, 5),
(92, 38.26, '2021-12-29', '21:46:35', 38.985, -0.21, 1, 5),
(93, 28.61, '2021-12-29', '04:20:43', 38.966, -0.181, 1, 4),
(94, 23.89, '2021-12-29', '10:47:50', 38.992, -0.188, 1, 5),
(95, 4.78, '2021-12-29', '18:48:15', 38.991, -0.212, 1, 4),
(96, 23.45, '2021-12-29', '04:59:14', 38.99, -0.191, 1, 4),
(97, 12.52, '2021-12-29', '03:53:53', 38.975, -0.204, 1, 5),
(98, 11.22, '2021-12-29', '22:50:20', 38.996, -0.176, 1, 4),
(99, 22.7, '2021-12-29', '07:23:00', 39.008, -0.19, 1, 4),
(100, 26.47, '2021-12-29', '13:35:58', 39.007, -0.189, 1, 6),
(101, 18.22, '2021-12-29', '06:18:23', 38.983, -0.201, 1, 6),
(102, 8.12, '2021-12-29', '19:14:23', 39.005, -0.2, 1, 4),
(103, 2.73, '2021-12-29', '20:14:04', 38.966, -0.173, 1, 5),
(104, 13.88, '2021-12-29', '02:12:16', 38.987, -0.183, 1, 3),
(105, 13.26, '2021-12-29', '18:14:07', 38.968, -0.185, 1, 4),
(106, 35.5, '2021-12-29', '11:52:38', 38.96, -0.179, 1, 4),
(107, 37.39, '2021-12-29', '05:57:19', 38.997, -0.192, 1, 3),
(108, 5.18, '2021-12-29', '14:32:12', 38.973, -0.196, 1, 6),
(109, 31.25, '2021-12-29', '01:19:50', 38.997, -0.197, 1, 6),
(110, 39.46, '2021-12-29', '03:11:08', 38.976, -0.171, 1, 6),
(111, 9.09, '2021-12-29', '12:05:46', 39.002, -0.19, 1, 3),
(112, 36.17, '2021-12-29', '23:39:28', 38.979, -0.194, 1, 6),
(113, 15.38, '2021-12-29', '20:01:28', 38.964, -0.182, 1, 3),
(114, 30.88, '2021-12-29', '13:28:07', 38.968, -0.176, 1, 5),
(115, 38.36, '2021-12-29', '14:27:15', 38.971, -0.2, 1, 6),
(116, 13.63, '2021-12-29', '14:54:27', 38.971, -0.187, 1, 6),
(117, 6.86, '2021-12-29', '15:40:10', 38.999, -0.201, 1, 5),
(118, 12.93, '2021-12-29', '03:10:35', 38.96, -0.172, 1, 4),
(119, 35.54, '2021-12-29', '13:38:25', 39.008, -0.182, 1, 4),
(120, 5.83, '2021-12-29', '12:43:55', 38.993, -0.206, 1, 4),
(121, 18.81, '2021-12-29', '05:54:51', 38.971, -0.21, 1, 3),
(122, 8.13, '2021-12-29', '17:54:03', 38.973, -0.177, 1, 3),
(123, 31.69, '2021-12-29', '12:00:10', 39.01, -0.175, 1, 6),
(124, 32.71, '2021-12-29', '17:12:24', 38.987, -0.202, 1, 3),
(125, 7.78, '2021-12-29', '19:04:00', 38.965, -0.193, 1, 5),
(126, 27.02, '2021-12-29', '21:16:35', 38.975, -0.199, 1, 5),
(127, 11.85, '2021-12-29', '03:47:45', 38.971, -0.188, 1, 4),
(128, 35.5, '2021-12-29', '16:04:07', 38.983, -0.184, 1, 3),
(129, 9.67, '2021-12-29', '00:01:20', 38.99, -0.215, 1, 5),
(130, 11.78, '2021-12-29', '11:20:34', 39.007, -0.172, 1, 3),
(131, 32.99, '2021-12-29', '05:17:03', 38.961, -0.17, 1, 3),
(132, 35.67, '2021-12-29', '17:33:12', 38.998, -0.21, 1, 4),
(133, 31.28, '2021-12-29', '06:23:21', 38.977, -0.186, 1, 4),
(134, 5.26, '2021-12-29', '02:34:59', 38.966, -0.179, 1, 6),
(135, 21.39, '2021-12-29', '05:19:44', 39.002, -0.189, 1, 3),
(136, 28.03, '2021-12-29', '07:40:24', 39.004, -0.168, 1, 4),
(137, 33.23, '2021-12-29', '10:40:03', 38.997, -0.193, 1, 5),
(138, 1.3, '2021-12-29', '03:21:46', 38.975, -0.197, 1, 6),
(139, 23.97, '2021-12-29', '09:55:03', 38.962, -0.171, 1, 4),
(140, 27.51, '2021-12-29', '17:18:19', 38.962, -0.194, 1, 6),
(141, 18.54, '2021-12-29', '23:42:56', 38.973, -0.183, 1, 3),
(142, 9.05, '2021-12-29', '05:14:56', 38.987, -0.21, 1, 5),
(143, 30.57, '2021-12-29', '21:27:34', 38.991, -0.195, 1, 4),
(144, 39.88, '2021-12-29', '18:23:05', 38.989, -0.212, 1, 5),
(145, 10.78, '2021-12-29', '07:47:47', 38.992, -0.198, 1, 6),
(146, 29.56, '2021-12-29', '00:29:10', 38.984, -0.207, 1, 3),
(147, 12.27, '2021-12-29', '08:55:18', 38.978, -0.187, 1, 4),
(148, 27.8, '2021-12-29', '18:35:58', 38.97, -0.214, 1, 6),
(149, 7.95, '2021-12-29', '20:44:55', 38.975, -0.17, 1, 3),
(150, 26.57, '2021-12-29', '15:05:08', 38.97, -0.194, 1, 3),
(151, 4.46, '2021-12-29', '01:30:48', 38.994, -0.174, 1, 3),
(152, 7.94, '2021-12-29', '23:07:59', 39.008, -0.209, 1, 4),
(153, 37.49, '2021-12-29', '23:52:32', 39.001, -0.207, 1, 6),
(154, 35.81, '2021-12-29', '06:12:22', 38.998, -0.18, 1, 4),
(155, 35, '2021-12-29', '04:21:02', 38.981, -0.189, 1, 4),
(156, 36.37, '2021-12-29', '17:31:41', 38.979, -0.202, 1, 3),
(157, 30.95, '2021-12-29', '07:33:18', 38.975, -0.214, 1, 6),
(158, 3.9, '2021-12-29', '15:56:21', 38.993, -0.209, 1, 6),
(159, 1.44, '2021-12-29', '04:34:13', 38.985, -0.168, 1, 4),
(160, 35.47, '2021-12-29', '07:48:03', 38.991, -0.203, 1, 4),
(161, 9.18, '2021-12-29', '12:12:53', 38.993, -0.196, 1, 3),
(162, 8.29, '2021-12-29', '09:40:08', 38.975, -0.202, 1, 3),
(163, 12.8, '2021-12-29', '12:07:49', 38.964, -0.175, 1, 5),
(164, 28.59, '2021-12-29', '00:30:17', 38.99, -0.182, 1, 3),
(165, 31.05, '2021-12-29', '05:24:40', 39, -0.198, 1, 5),
(166, 23.69, '2021-12-29', '20:44:06', 38.962, -0.194, 1, 4),
(167, 14.97, '2021-12-29', '17:36:36', 38.989, -0.18, 1, 5),
(168, 26.02, '2021-12-29', '22:57:21', 38.977, -0.181, 1, 6),
(169, 37.83, '2021-12-29', '15:31:19', 38.974, -0.185, 1, 4),
(170, 13.91, '2021-12-29', '15:18:35', 38.997, -0.17, 1, 5),
(171, 26.95, '2021-12-29', '15:29:02', 39.004, -0.208, 1, 6),
(172, 7.28, '2021-12-29', '15:50:36', 38.974, -0.189, 1, 5),
(173, 1.77, '2021-12-29', '22:37:40', 38.963, -0.181, 1, 3),
(174, 21.52, '2021-12-29', '04:03:50', 39.008, -0.168, 1, 6),
(175, 10.94, '2021-12-29', '09:22:46', 38.994, -0.166, 1, 6),
(176, 7.91, '2021-12-29', '05:17:31', 38.985, -0.179, 1, 4),
(177, 38.53, '2021-12-29', '18:46:05', 38.975, -0.202, 1, 3),
(178, 16.37, '2021-12-29', '18:09:56', 38.988, -0.197, 1, 4),
(179, 33.37, '2021-12-29', '00:01:33', 38.984, -0.183, 1, 5),
(180, 36.64, '2021-12-29', '22:53:07', 38.966, -0.186, 1, 4),
(181, 25.09, '2021-12-29', '22:58:17', 38.991, -0.215, 1, 4),
(182, 26.24, '2021-12-29', '20:17:54', 38.967, -0.186, 1, 4),
(183, 37.2, '2021-12-29', '19:42:26', 39.01, -0.176, 1, 5),
(184, 11.12, '2021-12-29', '10:35:51', 39.005, -0.181, 1, 4),
(185, 10.27, '2021-12-29', '12:16:07', 39.002, -0.177, 1, 6),
(186, 26.53, '2021-12-29', '17:53:34', 38.989, -0.188, 1, 5),
(187, 4.48, '2021-12-29', '14:29:18', 38.974, -0.174, 1, 5),
(188, 1.79, '2021-12-29', '10:11:19', 38.967, -0.193, 1, 6),
(189, 15.73, '2021-12-29', '15:08:25', 38.963, -0.205, 1, 6),
(190, 22.45, '2021-12-29', '07:21:50', 38.999, -0.167, 1, 5),
(191, 36.97, '2021-12-29', '23:14:15', 38.977, -0.183, 1, 6),
(192, 23.16, '2021-12-29', '00:41:52', 38.968, -0.186, 1, 4),
(193, 34.85, '2021-12-29', '19:07:28', 38.965, -0.177, 1, 6),
(194, 26.87, '2021-12-29', '18:53:13', 38.995, -0.199, 1, 6),
(195, 4.85, '2021-12-29', '22:47:59', 38.972, -0.215, 1, 4),
(196, 35.99, '2021-12-29', '22:05:39', 39.007, -0.183, 1, 3),
(197, 13.49, '2021-12-29', '06:15:20', 38.968, -0.187, 1, 6),
(198, 3.44, '2021-12-29', '16:35:45', 38.981, -0.192, 1, 5),
(199, 5.05, '2021-12-29', '11:30:29', 38.967, -0.188, 1, 5),
(200, 12.72, '2021-12-29', '18:08:11', 38.982, -0.215, 1, 3),
(201, 13.33, '2021-12-29', '12:37:27', 38.977, -0.193, 1, 5),
(202, 10.48, '2021-12-29', '10:51:00', 39.002, -0.169, 1, 6),
(203, 22.3, '2021-12-29', '08:19:54', 38.982, -0.206, 1, 4),
(204, 22.32, '2021-12-29', '04:54:38', 38.96, -0.188, 1, 6),
(205, 23.48, '2021-12-29', '16:23:21', 38.961, -0.202, 1, 3),
(206, 38.97, '2021-12-29', '23:03:04', 39.001, -0.169, 1, 5),
(207, 39.44, '2021-12-29', '05:15:01', 38.977, -0.192, 1, 5),
(208, 2.01, '2021-12-29', '07:09:07', 38.998, -0.203, 1, 4),
(209, 0.01, '2021-12-29', '17:13:10', 38.959, -0.181, 1, 3),
(210, 23.33, '2021-12-29', '17:14:25', 38.987, -0.203, 1, 6),
(211, 31.4, '2021-12-29', '06:57:43', 39.004, -0.2, 1, 4),
(212, 16.72, '2021-12-29', '07:35:26', 38.969, -0.171, 1, 3),
(213, 7.87, '2021-12-29', '22:28:16', 39, -0.203, 1, 5),
(214, 3.5, '2021-12-29', '00:00:25', 39.005, -0.208, 1, 5),
(215, 39.17, '2021-12-29', '01:38:42', 38.987, -0.209, 1, 4),
(216, 26.19, '2021-12-29', '09:56:19', 38.977, -0.207, 1, 4),
(217, 28.79, '2021-12-29', '06:32:45', 38.972, -0.173, 1, 6),
(218, 0.46, '2021-12-29', '16:33:55', 38.962, -0.176, 1, 6),
(219, 5.35, '2021-12-29', '14:12:56', 38.986, -0.202, 1, 6),
(220, 5.45, '2021-12-29', '08:58:17', 39.007, -0.166, 1, 5),
(221, 21.37, '2021-12-29', '22:52:47', 39.001, -0.178, 1, 3),
(222, 13.44, '2021-12-29', '09:29:37', 38.989, -0.169, 1, 5),
(223, 29.87, '2021-12-29', '12:24:01', 38.97, -0.214, 1, 6),
(224, 4.67, '2021-12-29', '08:40:46', 38.969, -0.208, 1, 6),
(225, 17.91, '2021-12-29', '11:27:10', 38.979, -0.215, 1, 3),
(226, 30.6, '2021-12-29', '01:08:57', 39.003, -0.18, 1, 6),
(227, 5.08, '2021-12-29', '02:59:59', 38.978, -0.172, 1, 5),
(228, 3.88, '2021-12-29', '21:13:38', 38.962, -0.201, 1, 4),
(229, 26.5, '2021-12-29', '00:24:29', 38.963, -0.17, 1, 3),
(230, 19.79, '2021-12-29', '16:37:39', 38.968, -0.207, 1, 6),
(231, 17.93, '2021-12-29', '10:06:12', 38.97, -0.18, 1, 6),
(232, 7.45, '2021-12-29', '13:37:19', 39, -0.214, 1, 6),
(233, 24.44, '2021-12-29', '03:05:47', 39.004, -0.211, 1, 6),
(234, 24.46, '2021-12-29', '05:17:09', 38.988, -0.192, 1, 3),
(235, 0.18, '2021-12-29', '07:14:38', 38.986, -0.196, 1, 6),
(236, 35.02, '2021-12-29', '21:51:42', 38.999, -0.173, 1, 3),
(237, 31.01, '2021-12-29', '17:56:48', 39.002, -0.2, 1, 6),
(238, 29.2, '2021-12-29', '14:51:33', 38.995, -0.175, 1, 3),
(239, 35.33, '2021-12-29', '14:27:14', 38.965, -0.213, 1, 6),
(240, 27.4, '2021-12-29', '18:37:01', 39.01, -0.177, 1, 6),
(241, 31.59, '2021-12-29', '16:04:18', 39.002, -0.209, 1, 3),
(242, 23.16, '2021-12-29', '11:34:01', 39.003, -0.187, 1, 6),
(243, 38.65, '2021-12-29', '03:11:31', 38.966, -0.196, 1, 3),
(244, 35.72, '2021-12-29', '02:31:09', 38.973, -0.199, 1, 6),
(245, 4.74, '2021-12-29', '13:07:55', 38.988, -0.169, 1, 3),
(246, 16.45, '2021-12-29', '19:04:41', 38.982, -0.192, 1, 4),
(247, 12.49, '2021-12-29', '20:57:50', 39.003, -0.18, 1, 4),
(248, 14.12, '2021-12-29', '07:44:26', 38.977, -0.192, 1, 3),
(249, 9.79, '2021-12-29', '15:57:41', 38.964, -0.209, 1, 4),
(250, 38.21, '2021-12-29', '11:59:30', 38.998, -0.212, 1, 4),
(251, 3.47, '2021-12-29', '09:08:54', 38.966, -0.182, 1, 6),
(252, 14.53, '2021-12-29', '22:47:36', 38.965, -0.191, 1, 4),
(253, 4.73, '2021-12-29', '02:52:31', 38.976, -0.19, 1, 3),
(254, 11.33, '2021-12-29', '12:39:03', 39.001, -0.215, 1, 3),
(255, 28.26, '2021-12-29', '02:12:43', 38.966, -0.184, 1, 3),
(256, 13.09, '2021-12-29', '04:48:39', 38.969, -0.19, 1, 5),
(257, 0.87, '2021-12-29', '12:10:53', 38.974, -0.201, 1, 6),
(258, 19.5, '2021-12-29', '02:03:47', 38.995, -0.175, 1, 3),
(259, 25, '2021-12-29', '12:47:04', 38.976, -0.204, 1, 5),
(260, 17.9, '2021-12-29', '10:29:58', 39.005, -0.203, 1, 3),
(261, 7.87, '2021-12-29', '06:42:25', 38.964, -0.183, 1, 5),
(262, 23.45, '2021-12-29', '23:21:02', 39.005, -0.202, 1, 5),
(263, 9.84, '2021-12-29', '23:02:30', 38.96, -0.18, 1, 6),
(264, 5.45, '2021-12-29', '08:47:53', 38.959, -0.213, 1, 3),
(265, 30.17, '2021-12-29', '03:15:07', 39.001, -0.197, 1, 6),
(266, 24.31, '2021-12-29', '12:39:32', 38.981, -0.194, 1, 6),
(267, 16.16, '2021-12-29', '02:50:21', 39.008, -0.183, 1, 5),
(268, 29.27, '2021-12-29', '01:44:27', 38.992, -0.213, 1, 3),
(269, 26.26, '2021-12-29', '13:50:49', 38.99, -0.191, 1, 4),
(270, 20.45, '2021-12-29', '20:49:10', 39.004, -0.179, 1, 5),
(271, 2.13, '2021-12-29', '03:37:18', 39.008, -0.192, 1, 5),
(272, 16.94, '2021-12-29', '10:28:28', 38.991, -0.166, 1, 6),
(273, 0.91, '2021-12-29', '00:19:20', 38.977, -0.193, 1, 5),
(274, 34.52, '2021-12-29', '21:03:15', 38.962, -0.19, 1, 3),
(275, 24.14, '2021-12-29', '02:36:03', 38.978, -0.198, 1, 3),
(276, 14.08, '2021-12-29', '17:31:38', 38.994, -0.213, 1, 5),
(277, 5.86, '2021-12-29', '02:47:31', 38.983, -0.201, 1, 3),
(278, 6.28, '2021-12-29', '09:48:30', 38.964, -0.187, 1, 6),
(279, 17.06, '2021-12-29', '20:44:01', 38.978, -0.191, 1, 6),
(280, 38.36, '2021-12-29', '05:42:06', 38.974, -0.2, 1, 3),
(281, 16.02, '2021-12-29', '02:10:10', 38.983, -0.205, 1, 4),
(282, 9.8, '2021-12-29', '19:59:59', 39.004, -0.205, 1, 6),
(283, 29.98, '2021-12-29', '19:20:05', 38.982, -0.18, 1, 5),
(284, 9.81, '2021-12-29', '23:27:30', 38.992, -0.209, 1, 6),
(285, 37.93, '2021-12-29', '15:17:32', 38.967, -0.19, 1, 3),
(286, 1.9, '2021-12-29', '18:50:51', 38.963, -0.171, 1, 5),
(287, 21.02, '2021-12-29', '01:25:06', 38.994, -0.193, 1, 6),
(288, 32.56, '2021-12-29', '20:56:33', 38.982, -0.212, 1, 4),
(289, 35.44, '2021-12-29', '15:37:35', 38.993, -0.212, 1, 4),
(290, 28.9, '2021-12-29', '21:05:01', 38.96, -0.175, 1, 3),
(291, 39.94, '2021-12-29', '03:49:15', 38.98, -0.179, 1, 4),
(292, 10.59, '2021-12-29', '10:03:19', 38.994, -0.199, 1, 3),
(293, 9.92, '2021-12-29', '09:58:40', 38.971, -0.208, 1, 3),
(294, 1.6, '2021-12-29', '17:27:00', 38.961, -0.175, 1, 6),
(295, 7.04, '2021-12-29', '20:53:38', 39.002, -0.19, 1, 3),
(296, 32.36, '2021-12-29', '09:01:27', 38.987, -0.184, 1, 4),
(297, 22.69, '2021-12-29', '03:37:54', 38.969, -0.202, 1, 6),
(298, 24.64, '2021-12-29', '22:32:12', 38.976, -0.204, 1, 4),
(299, 3.82, '2021-12-29', '07:18:09', 38.995, -0.189, 1, 6),
(300, 25.24, '2021-12-29', '16:00:52', 38.962, -0.183, 1, 6),
(301, 33.32, '2021-12-29', '16:26:36', 38.989, -0.174, 1, 5),
(302, 35.75, '2021-12-29', '15:41:06', 38.984, -0.199, 1, 5),
(303, 15.07, '2021-12-29', '06:30:56', 38.994, -0.168, 1, 5),
(304, 4.43, '2021-12-29', '17:43:17', 38.977, -0.197, 1, 6),
(305, 1.91, '2021-12-29', '12:25:41', 38.97, -0.168, 1, 5),
(306, 33.97, '2021-12-29', '01:41:23', 39.006, -0.196, 1, 6),
(307, 5.45, '2021-12-29', '00:35:04', 38.989, -0.204, 1, 6),
(308, 32.22, '2021-12-29', '23:05:49', 38.97, -0.205, 1, 3),
(309, 4.33, '2021-12-29', '15:55:50', 38.967, -0.188, 1, 6),
(310, 28.31, '2021-12-29', '03:20:44', 38.965, -0.204, 1, 6),
(311, 33.01, '2021-12-29', '19:17:47', 38.986, -0.212, 1, 5),
(312, 30.5, '2021-12-29', '09:03:26', 38.996, -0.188, 1, 5),
(313, 33.06, '2021-12-29', '05:46:34', 38.982, -0.182, 1, 6),
(314, 26.83, '2021-12-29', '14:38:27', 39, -0.173, 1, 5),
(315, 28.56, '2021-12-29', '22:56:59', 39.002, -0.198, 1, 4),
(316, 33.34, '2021-12-29', '15:48:01', 38.986, -0.179, 1, 4),
(317, 26.41, '2021-12-29', '05:11:05', 38.974, -0.168, 1, 4),
(318, 6.53, '2021-12-29', '06:29:50', 38.99, -0.188, 1, 4),
(319, 0.47, '2021-12-29', '09:42:52', 38.981, -0.189, 1, 3),
(320, 16.16, '2021-12-29', '08:28:27', 38.995, -0.2, 1, 3),
(321, 28.53, '2021-12-29', '00:49:04', 38.975, -0.197, 1, 3),
(322, 31.19, '2021-12-29', '06:32:11', 38.995, -0.207, 1, 3),
(323, 38.02, '2021-12-29', '04:06:40', 38.975, -0.193, 1, 6),
(324, 31.15, '2021-12-29', '18:20:47', 38.988, -0.198, 1, 4),
(325, 4.74, '2021-12-29', '16:23:13', 38.977, -0.176, 1, 3),
(326, 6.53, '2021-12-29', '08:53:31', 38.988, -0.208, 1, 3),
(327, 1, '2021-12-29', '11:28:24', 38.968, -0.171, 1, 4),
(328, 28.61, '2021-12-29', '11:02:02', 38.979, -0.183, 1, 3),
(329, 8.33, '2021-12-29', '09:55:15', 38.962, -0.193, 1, 3),
(330, 38.67, '2021-12-29', '02:42:11', 38.97, -0.21, 1, 4),
(331, 12.52, '2021-12-29', '00:08:46', 38.973, -0.178, 1, 6),
(332, 22.02, '2021-12-29', '08:00:47', 38.986, -0.199, 1, 6),
(333, 34.01, '2021-12-29', '10:40:22', 38.962, -0.186, 1, 5),
(334, 12.72, '2021-12-29', '04:09:11', 38.993, -0.169, 1, 3),
(335, 16.79, '2021-12-29', '10:35:06', 39.01, -0.174, 1, 4),
(336, 27.68, '2021-12-29', '13:05:51', 38.963, -0.2, 1, 4),
(337, 31.7, '2021-12-29', '20:17:39', 38.997, -0.17, 1, 4),
(338, 9.2, '2021-12-29', '22:28:13', 38.966, -0.189, 1, 4),
(339, 33.75, '2021-12-29', '09:57:04', 39.009, -0.209, 1, 4),
(340, 14.73, '2021-12-29', '06:14:16', 39.005, -0.179, 1, 3),
(341, 27.04, '2021-12-29', '15:06:50', 38.978, -0.179, 1, 5),
(342, 38.19, '2021-12-29', '20:01:17', 38.989, -0.168, 1, 5),
(343, 6.17, '2021-12-29', '14:25:24', 38.989, -0.208, 1, 4),
(344, 21.81, '2021-12-29', '01:35:59', 39.005, -0.204, 1, 3),
(345, 36.93, '2021-12-29', '22:11:24', 38.97, -0.183, 1, 3),
(346, 2.97, '2021-12-29', '13:59:55', 38.96, -0.177, 1, 3),
(347, 35.61, '2021-12-29', '00:11:26', 38.975, -0.193, 1, 6),
(348, 4.27, '2021-12-29', '21:32:15', 38.995, -0.212, 1, 5),
(349, 28.11, '2021-12-29', '17:16:10', 38.979, -0.215, 1, 4),
(350, 18.42, '2021-12-29', '03:37:10', 39.004, -0.211, 1, 3),
(351, 33.14, '2021-12-29', '03:49:42', 38.975, -0.172, 1, 5),
(352, 9.4, '2021-12-29', '04:23:42', 38.978, -0.209, 1, 6),
(353, 1.75, '2021-12-29', '01:58:36', 38.968, -0.2, 1, 6),
(354, 19.37, '2021-12-29', '03:29:00', 38.971, -0.187, 1, 6),
(355, 11.4, '2021-12-29', '13:23:20', 38.998, -0.207, 1, 6),
(356, 29.36, '2021-12-29', '14:49:43', 38.963, -0.17, 1, 6),
(357, 39.75, '2021-12-29', '19:45:58', 38.985, -0.176, 1, 5),
(358, 21.82, '2021-12-29', '08:23:19', 38.98, -0.184, 1, 5),
(359, 7.32, '2021-12-29', '15:15:48', 38.978, -0.19, 1, 3),
(360, 15.46, '2021-12-29', '12:36:01', 38.983, -0.181, 1, 4),
(361, 30.49, '2021-12-29', '03:10:44', 38.983, -0.179, 1, 5),
(362, 17.24, '2021-12-29', '09:15:55', 38.994, -0.2, 1, 4),
(363, 12.74, '2021-12-29', '05:42:26', 39.005, -0.206, 1, 6),
(364, 2.25, '2021-12-29', '19:29:23', 38.971, -0.175, 1, 6),
(365, 10.66, '2021-12-29', '18:22:17', 38.975, -0.183, 1, 4),
(366, 39.22, '2021-12-29', '16:29:29', 38.965, -0.195, 1, 6),
(367, 17.43, '2021-12-29', '16:52:35', 39.01, -0.168, 1, 3),
(368, 36.8, '2021-12-29', '11:32:08', 39.001, -0.178, 1, 6),
(369, 37.37, '2021-12-29', '22:46:06', 39.006, -0.195, 1, 4),
(370, 38.83, '2021-12-29', '01:45:02', 38.972, -0.172, 1, 3),
(371, 2.55, '2021-12-29', '16:05:58', 39.008, -0.195, 1, 5),
(372, 12.14, '2021-12-29', '08:58:44', 38.96, -0.188, 1, 3),
(373, 7.06, '2021-12-29', '19:53:00', 38.992, -0.213, 1, 6),
(374, 16.27, '2021-12-29', '02:43:46', 38.984, -0.204, 1, 6),
(375, 28.39, '2021-12-29', '05:31:04', 38.967, -0.189, 1, 4),
(376, 27.93, '2021-12-29', '14:55:44', 38.962, -0.183, 1, 4),
(377, 17.67, '2021-12-29', '11:13:25', 38.982, -0.179, 1, 3),
(378, 11.97, '2021-12-29', '18:10:50', 38.962, -0.206, 1, 3),
(379, 0.94, '2021-12-29', '04:05:31', 39.002, -0.207, 1, 4),
(380, 31.94, '2021-12-29', '18:51:48', 39.006, -0.191, 1, 6),
(381, 6.85, '2021-12-29', '01:53:23', 38.991, -0.207, 1, 3),
(382, 10.64, '2021-12-29', '03:01:31', 38.992, -0.208, 1, 3),
(383, 34.55, '2021-12-29', '22:57:54', 38.962, -0.196, 1, 5),
(384, 29.04, '2021-12-29', '19:52:06', 38.964, -0.17, 1, 5),
(385, 22.49, '2021-12-29', '14:03:25', 38.989, -0.169, 1, 4),
(386, 6.19, '2021-12-29', '05:04:41', 38.997, -0.181, 1, 6),
(387, 6.97, '2021-12-29', '15:31:22', 38.994, -0.169, 1, 5),
(388, 2.82, '2021-12-29', '06:48:41', 38.967, -0.169, 1, 3),
(389, 21.64, '2021-12-29', '10:15:41', 39.006, -0.205, 1, 3),
(390, 13.17, '2021-12-29', '15:52:34', 39.003, -0.194, 1, 5),
(391, 10.36, '2021-12-29', '07:38:05', 38.98, -0.173, 1, 6),
(392, 12.27, '2021-12-29', '11:44:25', 38.966, -0.167, 1, 5),
(393, 25.99, '2021-12-29', '15:46:28', 38.984, -0.172, 1, 3),
(394, 24.45, '2021-12-29', '02:49:25', 38.968, -0.194, 1, 3),
(395, 34.67, '2021-12-29', '21:10:44', 38.981, -0.178, 1, 6),
(396, 32.17, '2021-12-29', '19:47:04', 38.999, -0.174, 1, 3),
(397, 0.39, '2021-12-29', '19:10:03', 38.998, -0.203, 1, 4),
(398, 20.97, '2021-12-29', '20:48:16', 38.966, -0.192, 1, 5),
(399, 35.65, '2021-12-29', '23:02:40', 38.992, -0.184, 1, 5),
(400, 13.45, '2021-12-29', '21:06:54', 38.979, -0.194, 1, 4),
(401, 22.14, '2021-12-29', '16:04:35', 38.993, -0.184, 1, 6),
(402, 12.35, '2021-12-29', '20:54:15', 39.004, -0.166, 1, 3),
(403, 38.03, '2021-12-29', '03:45:57', 38.983, -0.187, 1, 3),
(404, 1.16, '2021-12-29', '21:51:32', 38.982, -0.18, 1, 3),
(405, 39.09, '2021-12-29', '10:28:04', 38.994, -0.211, 1, 5),
(406, 7.61, '2021-12-29', '17:10:34', 38.98, -0.166, 1, 3),
(407, 12.39, '2021-12-29', '11:04:16', 38.974, -0.211, 1, 5),
(408, 38.11, '2021-12-29', '14:40:24', 38.981, -0.201, 1, 5),
(409, 22.87, '2021-12-29', '05:28:34', 38.987, -0.174, 1, 5),
(410, 11.58, '2021-12-29', '17:55:34', 39.007, -0.199, 1, 3),
(411, 12.36, '2021-12-29', '22:55:01', 39.004, -0.205, 1, 4),
(412, 7.75, '2021-12-29', '16:55:38', 38.999, -0.205, 1, 5),
(413, 18.16, '2021-12-29', '23:41:02', 38.976, -0.179, 1, 3),
(414, 38.4, '2021-12-29', '22:29:33', 38.978, -0.211, 1, 4),
(415, 13.6, '2021-12-29', '03:08:57', 38.996, -0.174, 1, 5),
(416, 25.14, '2021-12-29', '21:48:24', 38.969, -0.193, 1, 3),
(417, 33.78, '2021-12-29', '00:31:51', 38.972, -0.183, 1, 4),
(418, 8.2, '2021-12-29', '13:20:57', 39.004, -0.195, 1, 3),
(419, 34.34, '2021-12-29', '01:18:57', 38.988, -0.179, 1, 5),
(420, 33.98, '2021-12-29', '16:34:29', 39.009, -0.19, 1, 6),
(421, 11.11, '2021-12-29', '14:05:41', 38.984, -0.205, 1, 3),
(422, 4.69, '2021-12-29', '05:29:00', 38.994, -0.187, 1, 6),
(423, 14.38, '2021-12-29', '06:29:59', 38.968, -0.189, 1, 6),
(424, 11.75, '2021-12-29', '15:25:53', 38.973, -0.188, 1, 4),
(425, 38.11, '2021-12-29', '02:32:31', 38.99, -0.168, 1, 4),
(426, 10.47, '2021-12-29', '00:46:04', 38.993, -0.193, 1, 6),
(427, 17.84, '2021-12-29', '16:34:39', 39.008, -0.177, 1, 3),
(428, 35.7, '2021-12-29', '09:06:24', 38.979, -0.184, 1, 5),
(429, 3.69, '2021-12-29', '12:21:32', 38.991, -0.176, 1, 5),
(430, 22.76, '2021-12-29', '18:43:57', 39.001, -0.21, 1, 3),
(431, 35.2, '2021-12-29', '11:59:44', 38.974, -0.186, 1, 5),
(432, 26.94, '2021-12-29', '07:50:25', 38.993, -0.215, 1, 5),
(433, 13.55, '2021-12-29', '10:04:00', 38.993, -0.2, 1, 6),
(434, 13.97, '2021-12-29', '05:03:04', 38.99, -0.178, 1, 5),
(435, 21.93, '2021-12-29', '15:31:57', 38.963, -0.175, 1, 6),
(436, 29.43, '2021-12-29', '05:28:03', 38.975, -0.201, 1, 4),
(437, 15.62, '2021-12-29', '13:51:03', 38.982, -0.192, 1, 5),
(438, 3.76, '2021-12-29', '03:44:34', 38.961, -0.172, 1, 4),
(439, 9.24, '2021-12-29', '18:41:27', 38.966, -0.194, 1, 3),
(440, 0.22, '2021-12-29', '12:50:10', 38.974, -0.214, 1, 5),
(441, 17.45, '2021-12-29', '03:02:16', 39.003, -0.212, 1, 4),
(442, 24.61, '2021-12-29', '19:08:52', 38.96, -0.176, 1, 3),
(443, 18.89, '2021-12-29', '11:43:38', 39.002, -0.169, 1, 6),
(444, 19.75, '2021-12-29', '20:26:29', 38.963, -0.193, 1, 4),
(445, 6.9, '2021-12-29', '11:02:40', 38.983, -0.207, 1, 4),
(446, 0.38, '2021-12-29', '02:43:48', 38.96, -0.213, 1, 3),
(447, 14.07, '2021-12-29', '18:20:09', 38.965, -0.208, 1, 6),
(448, 39.84, '2021-12-29', '01:53:59', 38.962, -0.21, 1, 4),
(449, 25.38, '2021-12-29', '22:17:07', 38.985, -0.182, 1, 6),
(450, 26.99, '2021-12-29', '10:52:00', 39.004, -0.214, 1, 5),
(451, 16.99, '2021-12-29', '10:18:17', 38.973, -0.213, 1, 6),
(452, 38.05, '2021-12-29', '05:23:04', 38.986, -0.174, 1, 6),
(453, 6.99, '2021-12-29', '07:36:46', 38.962, -0.193, 1, 6),
(454, 10.35, '2021-12-29', '08:16:43', 38.966, -0.205, 1, 6),
(455, 1.08, '2021-12-29', '04:08:02', 38.97, -0.198, 1, 6),
(456, 3.89, '2021-12-29', '00:33:11', 38.998, -0.188, 1, 6),
(457, 32.95, '2021-12-29', '13:52:23', 39.005, -0.208, 1, 5),
(458, 37.48, '2021-12-29', '01:30:57', 38.989, -0.186, 1, 5),
(459, 18, '2021-12-29', '12:32:32', 38.973, -0.169, 1, 6),
(460, 29.39, '2021-12-29', '15:52:01', 39.006, -0.209, 1, 6),
(461, 34.3, '2021-12-29', '16:23:25', 38.986, -0.175, 1, 3),
(462, 19.24, '2021-12-29', '17:54:12', 38.985, -0.168, 1, 5),
(463, 5.41, '2021-12-29', '02:18:26', 38.974, -0.185, 1, 4),
(464, 22.48, '2021-12-29', '00:11:18', 38.984, -0.17, 1, 5),
(465, 10.63, '2021-12-29', '02:35:03', 38.979, -0.172, 1, 3),
(466, 25.59, '2021-12-29', '16:19:47', 38.965, -0.173, 1, 6),
(467, 17.42, '2021-12-29', '06:37:10', 38.965, -0.176, 1, 4),
(468, 2.34, '2021-12-29', '06:15:22', 38.987, -0.197, 1, 4),
(469, 3.59, '2021-12-29', '21:38:42', 38.966, -0.211, 1, 3),
(470, 6.19, '2021-12-29', '12:05:58', 38.982, -0.181, 1, 3),
(471, 0.53, '2021-12-29', '02:56:35', 38.996, -0.214, 1, 5),
(472, 22.14, '2021-12-29', '00:53:57', 38.984, -0.203, 1, 5),
(473, 2.62, '2021-12-29', '00:46:40', 38.999, -0.206, 1, 6),
(474, 22.26, '2021-12-29', '03:24:54', 38.964, -0.194, 1, 3),
(475, 8.29, '2021-12-29', '13:59:51', 38.993, -0.176, 1, 5),
(476, 19.59, '2021-12-29', '07:43:04', 38.966, -0.169, 1, 3),
(477, 31.09, '2021-12-29', '03:39:29', 39.004, -0.171, 1, 3),
(478, 25.76, '2021-12-29', '23:30:52', 39.004, -0.182, 1, 4),
(479, 16, '2021-12-29', '17:36:12', 38.982, -0.177, 1, 3),
(480, 12.12, '2021-12-29', '16:13:30', 39.004, -0.203, 1, 6),
(481, 3.99, '2021-12-29', '04:21:21', 38.994, -0.209, 1, 6),
(482, 10.14, '2021-12-29', '18:39:54', 39.004, -0.204, 1, 6),
(483, 30.45, '2021-12-29', '10:11:26', 38.971, -0.213, 1, 4),
(484, 21.18, '2021-12-29', '18:50:29', 38.997, -0.212, 1, 6),
(485, 36.15, '2021-12-29', '23:53:57', 39.004, -0.189, 1, 5),
(486, 6.37, '2021-12-29', '07:08:38', 38.977, -0.184, 1, 4),
(487, 20.32, '2021-12-29', '21:14:46', 38.966, -0.188, 1, 4),
(488, 27.78, '2021-12-29', '09:21:14', 38.993, -0.205, 1, 5),
(489, 31.57, '2021-12-29', '02:40:42', 38.996, -0.176, 1, 5),
(490, 9.04, '2021-12-29', '11:48:59', 38.991, -0.209, 1, 6),
(491, 18.43, '2021-12-29', '05:24:49', 38.967, -0.171, 1, 5),
(492, 22.1, '2021-12-29', '13:42:25', 38.966, -0.171, 1, 5),
(493, 6.27, '2021-12-29', '09:01:36', 39.002, -0.205, 1, 5),
(494, 23.39, '2021-12-29', '05:14:55', 38.97, -0.198, 1, 5),
(495, 24.7, '2021-12-29', '09:55:03', 38.999, -0.181, 1, 4),
(496, 31.88, '2021-12-29', '20:48:09', 38.971, -0.196, 1, 4),
(497, 7.95, '2021-12-29', '19:38:51', 38.965, -0.176, 1, 4),
(498, 24.7, '2021-12-29', '23:29:48', 38.961, -0.193, 1, 4),
(499, 30.27, '2021-12-29', '18:37:30', 38.992, -0.185, 1, 6),
(500, 2.45, '2021-12-29', '08:07:30', 38.976, -0.176, 1, 5),
(501, 0.41, '2021-12-29', '20:18:05', 38.965, -0.17, 1, 6),
(502, 26.96, '2021-12-29', '21:32:31', 38.984, -0.177, 1, 3),
(503, 6.23, '2021-12-29', '16:21:09', 39.007, -0.203, 1, 3),
(504, 33.95, '2021-12-29', '02:06:42', 38.963, -0.209, 1, 6),
(505, 23.98, '2021-12-29', '01:32:39', 38.968, -0.169, 1, 3),
(506, 10.68, '2021-12-29', '03:35:28', 39.007, -0.189, 1, 4),
(507, 11.24, '2021-12-29', '13:39:26', 38.963, -0.169, 1, 6),
(508, 36.6, '2021-12-29', '18:42:11', 39.005, -0.21, 1, 6),
(509, 6.29, '2021-12-29', '13:38:02', 38.977, -0.21, 1, 5),
(510, 31.86, '2021-12-29', '05:57:39', 38.96, -0.184, 1, 6),
(511, 5.51, '2021-12-29', '05:52:33', 38.979, -0.172, 1, 6),
(512, 21.44, '2021-12-29', '09:29:42', 38.995, -0.167, 1, 5),
(513, 9.58, '2021-12-29', '07:36:54', 38.986, -0.193, 1, 3),
(514, 18.3, '2021-12-29', '06:59:04', 38.991, -0.212, 1, 3),
(515, 19.46, '2021-12-29', '07:06:31', 38.989, -0.182, 1, 6),
(516, 32.24, '2021-12-29', '09:18:00', 39.001, -0.172, 1, 5),
(517, 13.63, '2021-12-29', '18:10:25', 38.972, -0.192, 1, 6),
(518, 36.78, '2021-12-29', '22:47:57', 38.992, -0.184, 1, 6),
(519, 7.32, '2021-12-29', '13:34:36', 39.002, -0.182, 1, 6),
(520, 20.52, '2021-12-29', '07:46:21', 38.987, -0.187, 1, 4),
(521, 25.31, '2021-12-29', '23:15:42', 38.991, -0.209, 1, 6),
(522, 2.64, '2021-12-29', '22:57:56', 39.005, -0.197, 1, 6),
(523, 23.1, '2021-12-29', '07:35:40', 38.975, -0.183, 1, 3),
(524, 22.25, '2021-12-29', '01:55:34', 39.006, -0.169, 1, 4),
(525, 14.21, '2021-12-29', '23:24:16', 39.009, -0.187, 1, 4),
(526, 31.88, '2021-12-29', '11:15:48', 38.994, -0.185, 1, 5),
(527, 10.59, '2021-12-29', '03:59:24', 38.974, -0.205, 1, 3),
(528, 18.76, '2021-12-29', '15:24:36', 38.96, -0.202, 1, 4),
(529, 37.87, '2021-12-29', '19:33:31', 38.986, -0.214, 1, 4),
(530, 20.24, '2021-12-29', '07:10:06', 38.967, -0.21, 1, 5),
(531, 25.65, '2021-12-29', '18:51:44', 39.002, -0.184, 1, 5),
(532, 9.3, '2021-12-29', '10:32:32', 39.005, -0.214, 1, 4),
(533, 27.19, '2021-12-29', '13:41:54', 38.985, -0.2, 1, 5),
(534, 34.24, '2021-12-29', '01:34:28', 38.969, -0.181, 1, 6),
(535, 31.69, '2021-12-29', '07:49:10', 38.984, -0.207, 1, 5),
(536, 14.66, '2021-12-29', '08:31:49', 39.008, -0.168, 1, 5),
(537, 37.11, '2021-12-29', '10:48:42', 38.985, -0.183, 1, 6),
(538, 39.14, '2021-12-29', '13:52:02', 38.989, -0.179, 1, 4),
(539, 11.79, '2021-12-29', '02:44:48', 38.974, -0.199, 1, 4),
(540, 23.83, '2021-12-29', '06:12:31', 38.993, -0.17, 1, 4),
(541, 30.43, '2021-12-29', '18:47:21', 38.965, -0.17, 1, 6),
(542, 10.68, '2021-12-29', '19:13:47', 38.959, -0.195, 1, 4),
(543, 6.71, '2021-12-29', '16:43:03', 38.977, -0.166, 1, 6),
(544, 36.66, '2021-12-29', '12:20:13', 38.973, -0.202, 1, 6),
(545, 26.63, '2021-12-29', '16:24:37', 39.009, -0.174, 1, 3),
(546, 6.42, '2021-12-29', '19:47:40', 39.002, -0.175, 1, 5),
(547, 20.66, '2021-12-29', '00:46:47', 38.989, -0.213, 1, 5),
(548, 26.86, '2021-12-29', '10:46:46', 39.003, -0.183, 1, 4),
(549, 32.78, '2021-12-29', '13:56:07', 39.007, -0.199, 1, 5),
(550, 35.55, '2021-12-29', '00:03:26', 38.995, -0.176, 1, 3),
(551, 26.3, '2021-12-29', '07:11:26', 38.993, -0.192, 1, 6),
(552, 32.08, '2021-12-29', '12:55:42', 38.981, -0.166, 1, 5),
(553, 32.7, '2021-12-29', '21:01:23', 38.999, -0.203, 1, 4),
(554, 31.33, '2021-12-29', '14:05:54', 38.963, -0.187, 1, 5),
(555, 21.28, '2021-12-29', '12:55:28', 38.995, -0.18, 1, 5),
(556, 15.05, '2021-12-29', '05:49:16', 38.974, -0.178, 1, 6),
(557, 15.67, '2021-12-29', '18:12:28', 38.962, -0.188, 1, 3),
(558, 17.6, '2021-12-29', '06:52:14', 38.999, -0.206, 1, 4),
(559, 15.86, '2021-12-29', '06:56:42', 38.977, -0.214, 1, 6),
(560, 38.12, '2021-12-29', '04:54:21', 39.007, -0.182, 1, 6),
(561, 28.78, '2021-12-29', '17:48:15', 38.96, -0.196, 1, 4),
(562, 8.75, '2021-12-29', '00:40:47', 39.005, -0.208, 1, 6),
(563, 23.92, '2021-12-29', '00:47:35', 38.994, -0.207, 1, 5),
(564, 21.72, '2021-12-29', '23:44:24', 39.007, -0.174, 1, 5),
(565, 28.15, '2021-12-29', '01:58:37', 39.002, -0.207, 1, 3),
(566, 35.65, '2021-12-29', '15:41:30', 38.979, -0.205, 1, 3),
(567, 2.57, '2021-12-29', '14:36:42', 38.97, -0.209, 1, 6),
(568, 13.71, '2021-12-29', '20:18:33', 38.993, -0.188, 1, 6),
(569, 1.84, '2021-12-29', '16:16:49', 39, -0.191, 1, 4),
(570, 18.27, '2021-12-29', '06:03:23', 39.001, -0.212, 1, 3),
(571, 16.48, '2021-12-29', '08:39:34', 38.978, -0.179, 1, 5),
(572, 23.8, '2021-12-29', '04:48:30', 38.981, -0.204, 1, 3),
(573, 10.58, '2021-12-29', '01:46:04', 38.991, -0.214, 1, 5),
(574, 1.54, '2021-12-29', '13:54:56', 39, -0.193, 1, 3),
(575, 12.3, '2021-12-29', '16:28:34', 38.968, -0.207, 1, 3),
(576, 22.23, '2021-12-29', '02:12:55', 38.967, -0.191, 1, 5),
(577, 20.09, '2021-12-29', '04:29:55', 39.009, -0.199, 1, 3),
(578, 6.89, '2021-12-29', '04:44:19', 38.961, -0.18, 1, 5),
(579, 33.47, '2021-12-29', '23:37:56', 38.963, -0.214, 1, 6),
(580, 5.63, '2021-12-29', '06:11:03', 38.966, -0.205, 1, 3),
(581, 30.28, '2021-12-29', '19:01:54', 39.006, -0.214, 1, 5),
(582, 19.82, '2021-12-29', '06:18:17', 38.983, -0.167, 1, 3),
(583, 6.36, '2021-12-29', '09:38:06', 38.972, -0.204, 1, 6),
(584, 23.3, '2021-12-29', '10:19:59', 39.007, -0.195, 1, 4),
(585, 30.5, '2021-12-29', '13:17:37', 39.001, -0.187, 1, 3),
(586, 39.56, '2021-12-29', '23:19:05', 39, -0.171, 1, 5),
(587, 0.98, '2021-12-29', '05:49:10', 38.989, -0.184, 1, 6),
(588, 30.09, '2021-12-29', '04:18:29', 39.004, -0.194, 1, 4),
(589, 25.26, '2021-12-29', '20:11:36', 38.969, -0.199, 1, 5),
(590, 14.97, '2021-12-29', '09:49:13', 38.964, -0.195, 1, 6),
(591, 19.01, '2021-12-29', '17:41:15', 38.963, -0.177, 1, 3),
(592, 22.48, '2021-12-29', '11:49:46', 38.994, -0.182, 1, 3),
(593, 30.45, '2021-12-29', '15:26:16', 38.981, -0.197, 1, 4),
(594, 0.52, '2021-12-29', '20:30:23', 38.963, -0.181, 1, 6),
(595, 20.81, '2021-12-29', '05:22:21', 39, -0.201, 1, 3),
(596, 23.57, '2021-12-29', '21:20:00', 38.976, -0.176, 1, 4),
(597, 35.04, '2021-12-29', '13:37:09', 38.983, -0.181, 1, 3),
(598, 12.6, '2021-12-29', '15:30:55', 38.978, -0.214, 1, 6),
(599, 32.01, '2021-12-29', '01:04:35', 38.997, -0.198, 1, 5),
(600, 1.08, '2021-12-29', '22:52:24', 38.975, -0.189, 1, 4),
(601, 88.11, '2021-12-29', '15:50:48', 38.996, -0.191, 1, 5),
(602, 85.04, '2021-12-29', '15:36:59', 38.978, -0.175, 1, 5),
(603, 88.85, '2021-12-29', '21:26:54', 39.007, -0.199, 1, 3),
(604, 48.93, '2021-12-29', '00:45:40', 38.961, -0.173, 1, 5),
(605, 90.23, '2021-12-29', '17:35:31', 38.966, -0.179, 1, 3),
(606, 84.2, '2021-12-29', '14:29:44', 38.975, -0.193, 1, 4),
(607, 90.79, '2021-12-29', '17:41:48', 38.983, -0.214, 1, 5),
(608, 52.88, '2021-12-29', '01:39:26', 38.999, -0.215, 1, 3),
(609, 94.07, '2021-12-29', '19:03:42', 38.993, -0.167, 1, 4),
(610, 57.88, '2021-12-29', '05:02:01', 38.973, -0.19, 1, 3),
(611, 68.45, '2021-12-29', '00:02:57', 38.987, -0.211, 1, 3),
(612, 45.87, '2021-12-29', '01:47:16', 38.977, -0.175, 1, 3),
(613, 67.62, '2021-12-29', '04:53:47', 39.004, -0.199, 1, 3),
(614, 52.16, '2021-12-29', '16:38:47', 38.964, -0.179, 1, 5),
(615, 74.55, '2021-12-29', '06:11:11', 39.009, -0.166, 1, 3),
(616, 55.22, '2021-12-29', '18:13:49', 38.963, -0.203, 1, 6),
(617, 47.69, '2021-12-29', '13:23:07', 38.962, -0.167, 1, 4),
(618, 83.99, '2021-12-29', '13:06:46', 38.985, -0.179, 1, 4),
(619, 40.58, '2021-12-29', '14:47:06', 38.987, -0.182, 1, 5),
(620, 92.65, '2021-12-29', '02:03:43', 39.001, -0.185, 1, 3),
(621, 67.78, '2021-12-29', '16:11:46', 38.983, -0.197, 1, 5),
(622, 56.99, '2021-12-29', '05:51:10', 38.995, -0.199, 1, 5),
(623, 57.27, '2021-12-29', '13:47:17', 39.002, -0.177, 1, 4),
(624, 77.48, '2021-12-29', '21:56:25', 39.006, -0.198, 1, 5),
(625, 57.85, '2021-12-29', '08:09:00', 39.001, -0.169, 1, 5),
(626, 70.39, '2021-12-29', '05:07:23', 38.965, -0.205, 1, 5),
(627, 98.61, '2021-12-29', '00:49:45', 38.983, -0.193, 1, 3),
(628, 77.35, '2021-12-29', '18:59:47', 38.97, -0.203, 1, 4),
(629, 70.93, '2021-12-29', '00:38:40', 38.997, -0.176, 1, 4),
(630, 43.87, '2021-12-29', '08:40:16', 38.968, -0.213, 1, 3),
(631, 80.51, '2021-12-29', '01:22:36', 38.997, -0.191, 1, 5),
(632, 62.59, '2021-12-29', '10:19:05', 38.988, -0.212, 1, 4),
(633, 55.39, '2021-12-29', '20:05:48', 38.959, -0.211, 1, 6),
(634, 60.68, '2021-12-29', '09:41:19', 38.992, -0.194, 1, 5),
(635, 95.82, '2021-12-29', '18:47:57', 38.966, -0.198, 1, 3),
(636, 97.73, '2021-12-29', '17:42:38', 38.973, -0.205, 1, 4),
(637, 94.49, '2021-12-29', '11:15:08', 38.995, -0.2, 1, 6),
(638, 95.42, '2021-12-29', '23:39:29', 38.993, -0.204, 1, 3),
(639, 65.14, '2021-12-29', '16:45:12', 38.983, -0.21, 1, 3),
(640, 72.05, '2021-12-29', '20:32:00', 39.004, -0.184, 1, 6),
(641, 68.74, '2021-12-29', '14:38:27', 38.969, -0.215, 1, 6),
(642, 72.55, '2021-12-29', '05:31:12', 39.006, -0.197, 1, 5),
(643, 75.36, '2021-12-29', '08:43:02', 38.982, -0.179, 1, 3),
(644, 77.81, '2021-12-29', '06:39:45', 38.978, -0.19, 1, 5),
(645, 71.91, '2021-12-29', '23:47:36', 39.005, -0.167, 1, 3),
(646, 61.4, '2021-12-29', '07:35:06', 38.99, -0.207, 1, 5),
(647, 81.08, '2021-12-29', '08:54:04', 39.001, -0.192, 1, 3),
(648, 79.66, '2021-12-29', '06:41:56', 38.979, -0.204, 1, 6),
(649, 64.19, '2021-12-29', '10:23:53', 38.996, -0.198, 1, 6),
(650, 96.7, '2021-12-29', '16:33:11', 38.988, -0.188, 1, 6),
(651, 75.96, '2021-12-29', '21:46:39', 39, -0.171, 1, 4),
(652, 67.81, '2021-12-29', '12:19:30', 38.974, -0.193, 1, 6),
(653, 59.14, '2021-12-29', '08:37:17', 38.979, -0.199, 1, 3),
(654, 40.12, '2021-12-29', '07:44:24', 38.996, -0.192, 1, 5),
(655, 88.09, '2021-12-29', '11:22:11', 38.981, -0.207, 1, 3),
(656, 85.34, '2021-12-29', '06:26:13', 39.009, -0.168, 1, 6),
(657, 59.1, '2021-12-29', '05:34:10', 38.975, -0.178, 1, 6),
(658, 92.38, '2021-12-29', '06:33:09', 39.001, -0.209, 1, 3),
(659, 69.32, '2021-12-29', '00:47:02', 38.992, -0.17, 1, 5),
(660, 88.12, '2021-12-29', '13:00:07', 38.995, -0.193, 1, 4),
(661, 63.61, '2021-12-29', '18:04:18', 38.965, -0.175, 1, 6),
(662, 81.49, '2021-12-29', '00:33:22', 38.997, -0.175, 1, 4),
(663, 70.22, '2021-12-29', '11:15:26', 38.98, -0.207, 1, 5),
(664, 97.22, '2021-12-29', '07:29:43', 38.97, -0.174, 1, 3),
(665, 87.26, '2021-12-29', '00:59:36', 38.97, -0.169, 1, 6),
(666, 83.32, '2021-12-29', '13:11:59', 39.01, -0.208, 1, 3),
(667, 99.14, '2021-12-29', '19:18:52', 38.987, -0.181, 1, 6),
(668, 85.88, '2021-12-29', '11:32:48', 38.967, -0.195, 1, 3),
(669, 43.36, '2021-12-29', '21:48:17', 39.009, -0.191, 1, 4),
(670, 93.37, '2021-12-29', '20:21:51', 38.982, -0.167, 1, 3),
(671, 68.63, '2021-12-29', '17:12:14', 38.993, -0.212, 1, 4),
(672, 59.5, '2021-12-29', '14:47:49', 38.976, -0.196, 1, 3),
(673, 84.28, '2021-12-29', '12:23:47', 38.97, -0.18, 1, 6),
(674, 64.59, '2021-12-29', '22:48:18', 39.003, -0.168, 1, 6),
(675, 97.99, '2021-12-29', '00:01:13', 38.964, -0.172, 1, 4),
(676, 76.58, '2021-12-29', '03:58:26', 38.996, -0.184, 1, 4),
(677, 78.95, '2021-12-29', '02:30:23', 38.961, -0.182, 1, 6),
(678, 90.49, '2021-12-29', '09:13:41', 38.978, -0.2, 1, 5),
(679, 83.21, '2021-12-29', '16:29:06', 39.002, -0.204, 1, 6),
(680, 49.11, '2021-12-29', '05:41:59', 38.989, -0.192, 1, 3),
(681, 57.76, '2021-12-29', '19:21:29', 38.984, -0.175, 1, 3),
(682, 46.3, '2021-12-29', '21:30:42', 38.997, -0.179, 1, 4),
(683, 63.72, '2021-12-29', '13:46:17', 38.999, -0.208, 1, 6),
(684, 84.73, '2021-12-29', '15:06:38', 38.986, -0.169, 1, 6),
(685, 89.44, '2021-12-29', '07:16:01', 38.997, -0.202, 1, 3),
(686, 73.49, '2021-12-29', '13:07:43', 38.978, -0.173, 1, 5),
(687, 88.35, '2021-12-29', '05:58:52', 38.963, -0.197, 1, 6),
(688, 80.79, '2021-12-29', '12:58:45', 38.977, -0.201, 1, 5),
(689, 49.37, '2021-12-29', '01:26:22', 38.979, -0.177, 1, 4),
(690, 71.11, '2021-12-29', '18:09:43', 38.998, -0.207, 1, 5),
(691, 56.77, '2021-12-29', '05:44:11', 38.983, -0.175, 1, 3),
(692, 98.76, '2021-12-29', '09:08:27', 38.96, -0.181, 1, 5),
(693, 99.95, '2021-12-29', '12:30:43', 38.961, -0.2, 1, 4),
(694, 50.75, '2021-12-29', '05:54:20', 38.96, -0.213, 1, 4),
(695, 63.26, '2021-12-29', '14:31:16', 38.964, -0.199, 1, 3),
(696, 53.42, '2021-12-29', '00:03:05', 38.996, -0.206, 1, 4),
(697, 74.71, '2021-12-29', '16:01:01', 38.972, -0.173, 1, 4),
(698, 94.11, '2021-12-29', '21:04:42', 38.972, -0.174, 1, 4),
(699, 41.82, '2021-12-29', '06:06:10', 38.993, -0.205, 1, 5),
(700, 94.57, '2021-12-29', '17:36:54', 38.977, -0.209, 1, 4),
(701, 85.48, '2021-12-29', '06:00:06', 38.985, -0.202, 1, 4),
(702, 84.32, '2021-12-29', '22:40:57', 39.008, -0.189, 1, 5),
(703, 93.97, '2021-12-29', '15:11:27', 38.974, -0.195, 1, 6),
(704, 42.98, '2021-12-29', '16:54:55', 38.968, -0.197, 1, 4),
(705, 92.5, '2021-12-29', '07:24:11', 38.965, -0.184, 1, 5),
(706, 97.61, '2021-12-29', '19:49:20', 39.006, -0.198, 1, 6),
(707, 42.19, '2021-12-29', '01:49:57', 39.006, -0.173, 1, 5),
(708, 93.33, '2021-12-29', '21:56:54', 38.986, -0.2, 1, 5),
(709, 96.58, '2021-12-29', '01:48:33', 39.005, -0.186, 1, 5),
(710, 93.28, '2021-12-29', '23:57:34', 38.98, -0.183, 1, 6),
(711, 79.38, '2021-12-29', '10:49:48', 38.977, -0.179, 1, 5),
(712, 62.88, '2021-12-29', '14:07:21', 38.96, -0.213, 1, 5),
(713, 57.27, '2021-12-29', '03:23:28', 38.967, -0.212, 1, 6),
(714, 69.04, '2021-12-29', '05:06:40', 39.006, -0.201, 1, 5),
(715, 46.13, '2021-12-29', '23:20:30', 38.974, -0.18, 1, 5),
(716, 75.11, '2021-12-29', '10:52:17', 38.973, -0.183, 1, 4),
(717, 73, '2021-12-29', '10:44:56', 38.99, -0.175, 1, 6),
(718, 42.31, '2021-12-29', '04:53:49', 38.981, -0.204, 1, 4),
(719, 58.61, '2021-12-29', '12:12:29', 38.99, -0.196, 1, 4),
(720, 84.41, '2021-12-29', '12:40:12', 38.991, -0.204, 1, 3),
(721, 93.85, '2021-12-29', '06:00:13', 39.004, -0.168, 1, 6),
(722, 90.85, '2021-12-29', '03:40:28', 38.966, -0.202, 1, 5),
(723, 90.32, '2021-12-29', '08:35:20', 38.965, -0.192, 1, 5),
(724, 68.13, '2021-12-29', '13:16:07', 38.999, -0.193, 1, 6),
(725, 56.98, '2021-12-29', '16:19:27', 38.976, -0.185, 1, 6),
(726, 51.49, '2021-12-29', '00:16:07', 38.991, -0.205, 1, 4),
(727, 81.34, '2021-12-29', '04:09:58', 38.999, -0.212, 1, 5),
(728, 86.77, '2021-12-29', '17:27:31', 38.985, -0.191, 1, 3),
(729, 61.49, '2021-12-29', '20:30:40', 38.963, -0.177, 1, 5),
(730, 92.43, '2021-12-29', '21:55:54', 38.993, -0.21, 1, 6),
(731, 73.42, '2021-12-29', '03:27:27', 38.966, -0.168, 1, 5),
(732, 68.73, '2021-12-29', '19:51:06', 39.006, -0.202, 1, 4),
(733, 92.01, '2021-12-29', '01:08:19', 38.985, -0.197, 1, 4),
(734, 54.84, '2021-12-29', '17:01:03', 39.001, -0.188, 1, 4),
(735, 62.5, '2021-12-29', '03:30:36', 39.004, -0.182, 1, 3),
(736, 84.28, '2021-12-29', '17:59:38', 38.989, -0.186, 1, 5),
(737, 89.93, '2021-12-29', '21:15:21', 38.965, -0.195, 1, 6),
(738, 98.64, '2021-12-29', '21:47:04', 38.977, -0.209, 1, 4),
(739, 45.2, '2021-12-29', '22:59:41', 38.989, -0.193, 1, 3),
(740, 72.26, '2021-12-29', '15:52:00', 38.967, -0.173, 1, 4),
(741, 98.96, '2021-12-29', '09:06:55', 38.986, -0.212, 1, 5),
(742, 48.57, '2021-12-29', '22:58:12', 38.988, -0.198, 1, 3),
(743, 93.75, '2021-12-29', '22:50:29', 38.974, -0.2, 1, 3),
(744, 96.42, '2021-12-29', '19:14:58', 38.985, -0.198, 1, 6),
(745, 94.35, '2021-12-29', '23:45:39', 38.994, -0.183, 1, 6),
(746, 82.16, '2021-12-29', '04:21:52', 38.992, -0.177, 1, 6),
(747, 73.47, '2021-12-29', '02:22:48', 38.975, -0.175, 1, 5),
(748, 61.23, '2021-12-29', '04:46:53', 38.984, -0.198, 1, 6),
(749, 56.42, '2021-12-29', '18:14:47', 38.986, -0.177, 1, 3),
(750, 84.57, '2021-12-29', '17:21:11', 39.001, -0.191, 1, 4),
(801, 109.7, '2021-12-29', '21:58:12', 38.974, -0.182, 1, 3),
(802, 155.43, '2021-12-29', '13:36:41', 38.977, -0.208, 1, 3),
(803, 131.83, '2021-12-29', '23:42:06', 39.008, -0.177, 1, 3),
(804, 119.16, '2021-12-29', '19:57:08', 38.961, -0.196, 1, 5),
(805, 190.24, '2021-12-29', '22:38:02', 38.962, -0.188, 1, 6),
(806, 143.73, '2021-12-29', '20:43:41', 38.971, -0.186, 1, 5),
(807, 108.58, '2021-12-29', '18:50:53', 38.973, -0.2, 1, 4),
(808, 185.45, '2021-12-29', '19:08:14', 39.004, -0.201, 1, 6),
(809, 100.63, '2021-12-29', '20:19:57', 38.971, -0.176, 1, 3),
(810, 103.09, '2021-12-29', '06:17:00', 38.996, -0.171, 1, 4),
(811, 104.4, '2021-12-29', '02:15:30', 39.006, -0.195, 1, 3),
(812, 107.72, '2021-12-29', '04:29:20', 38.989, -0.188, 1, 4),
(813, 174.8, '2021-12-29', '00:24:42', 38.989, -0.201, 1, 3),
(814, 141.76, '2021-12-29', '11:27:01', 38.971, -0.192, 1, 5),
(815, 162.9, '2021-12-29', '03:54:03', 38.982, -0.179, 1, 4),
(816, 197.35, '2021-12-29', '23:21:46', 38.962, -0.209, 1, 6),
(817, 153.24, '2021-12-29', '12:37:40', 39.002, -0.168, 1, 3),
(818, 146.85, '2021-12-29', '11:40:33', 38.976, -0.212, 1, 4),
(819, 191.23, '2021-12-29', '17:10:14', 39.005, -0.193, 1, 4),
(820, 155.69, '2021-12-29', '01:36:04', 38.968, -0.211, 1, 5),
(821, 113.32, '2021-12-29', '23:55:10', 38.97, -0.2, 1, 5),
(822, 187.68, '2021-12-29', '16:49:06', 38.998, -0.194, 1, 5),
(823, 162.02, '2021-12-29', '19:41:34', 38.976, -0.182, 1, 6),
(824, 195.7, '2021-12-29', '21:24:13', 38.973, -0.177, 1, 6),
(825, 106.84, '2021-12-29', '13:01:07', 38.979, -0.175, 1, 5),
(826, 170.37, '2021-12-29', '17:15:53', 38.981, -0.214, 1, 5),
(827, 135.31, '2021-12-29', '17:54:01', 38.963, -0.189, 1, 4),
(828, 173.21, '2021-12-29', '16:17:11', 38.994, -0.18, 1, 3),
(829, 150.52, '2021-12-29', '22:53:12', 39.001, -0.207, 1, 4),
(830, 143.51, '2021-12-29', '02:37:41', 38.994, -0.207, 1, 4),
(831, 139.23, '2021-12-29', '09:17:03', 38.997, -0.206, 1, 3),
(832, 114.02, '2021-12-29', '19:43:40', 38.976, -0.194, 1, 6),
(833, 185.69, '2021-12-29', '14:06:16', 39.007, -0.171, 1, 5),
(834, 169.79, '2021-12-29', '16:11:26', 38.991, -0.173, 1, 4),
(835, 146.59, '2021-12-29', '10:01:00', 38.995, -0.174, 1, 5),
(836, 149.04, '2021-12-29', '22:18:53', 39.006, -0.171, 1, 3),
(837, 123.78, '2021-12-29', '17:28:27', 39.004, -0.191, 1, 6),
(838, 174.64, '2021-12-29', '13:25:19', 38.961, -0.177, 1, 4),
(839, 180.87, '2021-12-29', '17:14:29', 38.975, -0.173, 1, 6),
(840, 154.8, '2021-12-29', '05:03:39', 38.988, -0.214, 1, 5),
(841, 167.03, '2021-12-29', '07:08:08', 39.007, -0.171, 1, 5),
(842, 132.03, '2021-12-29', '20:19:07', 38.979, -0.205, 1, 6),
(843, 131.59, '2021-12-29', '11:36:53', 38.967, -0.192, 1, 3),
(844, 129.39, '2021-12-29', '09:53:50', 39.006, -0.17, 1, 6),
(845, 132.18, '2021-12-29', '05:55:26', 38.963, -0.188, 1, 4),
(846, 137.64, '2021-12-29', '21:18:55', 39.009, -0.176, 1, 3),
(847, 168.16, '2021-12-29', '08:23:45', 38.988, -0.182, 1, 5),
(848, 144.38, '2021-12-29', '19:04:17', 38.994, -0.176, 1, 4),
(849, 103.56, '2021-12-29', '21:34:57', 39.01, -0.199, 1, 6),
(850, 187.27, '2021-12-29', '16:09:32', 39.003, -0.193, 1, 6),
(851, 166.74, '2021-12-29', '01:59:22', 38.99, -0.189, 1, 4),
(852, 179.24, '2021-12-29', '19:12:21', 39.003, -0.202, 1, 4),
(853, 144.82, '2021-12-29', '14:22:34', 38.963, -0.187, 1, 6),
(854, 135.66, '2021-12-29', '03:53:41', 39.008, -0.208, 1, 5),
(855, 190.88, '2021-12-29', '22:56:09', 38.962, -0.183, 1, 4),
(856, 142.68, '2021-12-29', '09:51:51', 38.986, -0.172, 1, 5),
(857, 183.84, '2021-12-29', '03:26:58', 38.963, -0.171, 1, 4),
(858, 160.05, '2021-12-29', '23:29:02', 38.992, -0.178, 1, 3),
(859, 149.74, '2021-12-29', '08:17:27', 39.006, -0.202, 1, 3),
(860, 172.78, '2021-12-29', '23:11:29', 38.981, -0.184, 1, 4),
(861, 190.91, '2021-12-29', '12:01:29', 38.976, -0.193, 1, 4),
(862, 153.37, '2021-12-29', '18:57:31', 38.981, -0.175, 1, 3),
(863, 120.87, '2021-12-29', '09:40:51', 38.966, -0.185, 1, 3),
(864, 107.25, '2021-12-29', '03:19:22', 38.991, -0.214, 1, 4),
(865, 130.25, '2021-12-29', '12:47:09', 38.984, -0.213, 1, 5),
(866, 188.26, '2021-12-29', '23:54:57', 39.003, -0.205, 1, 5),
(867, 183.58, '2021-12-29', '01:39:45', 38.998, -0.19, 1, 4),
(868, 116.43, '2021-12-29', '03:17:53', 38.983, -0.168, 1, 3),
(869, 112.13, '2021-12-29', '04:40:48', 39.003, -0.171, 1, 4),
(870, 107.67, '2021-12-29', '20:09:30', 38.975, -0.181, 1, 4),
(871, 112.33, '2021-12-29', '11:55:22', 38.997, -0.185, 1, 6),
(872, 135.48, '2021-12-29', '13:57:25', 38.959, -0.167, 1, 5),
(873, 189.12, '2021-12-29', '01:55:28', 39.001, -0.185, 1, 4),
(874, 193.01, '2021-12-29', '21:57:16', 39.008, -0.201, 1, 6),
(875, 183.79, '2021-12-29', '02:39:26', 38.966, -0.198, 1, 5),
(876, 139.27, '2021-12-29', '07:11:42', 38.965, -0.191, 1, 3),
(877, 137.39, '2021-12-29', '17:33:44', 38.979, -0.166, 1, 4),
(878, 121.57, '2021-12-29', '21:17:09', 38.973, -0.169, 1, 5),
(879, 159.04, '2021-12-29', '00:00:39', 38.973, -0.187, 1, 3),
(880, 187.54, '2021-12-29', '09:22:18', 38.972, -0.179, 1, 4),
(881, 119.9, '2021-12-29', '12:25:02', 38.98, -0.187, 1, 5),
(882, 126.36, '2021-12-29', '19:02:16', 39.005, -0.19, 1, 4),
(883, 179.34, '2021-12-29', '18:16:11', 38.961, -0.169, 1, 6),
(884, 107.03, '2021-12-29', '04:24:26', 38.959, -0.182, 1, 3),
(885, 163.84, '2021-12-29', '21:17:28', 38.964, -0.177, 1, 3),
(886, 139.24, '2021-12-29', '02:06:49', 38.992, -0.198, 1, 5),
(887, 182.27, '2021-12-29', '12:18:43', 39.007, -0.179, 1, 6),
(888, 176.72, '2021-12-29', '08:56:18', 39, -0.174, 1, 6),
(889, 168.88, '2021-12-29', '22:24:49', 38.994, -0.174, 1, 5);
INSERT INTO `mediciones` (`id`, `medicion`, `fecha`, `hora`, `localizacion_lat`, `localizacion_lon`, `id_sensor`, `id_tipoMedicion`) VALUES
(890, 162.34, '2021-12-29', '03:56:38', 39.003, -0.178, 1, 6),
(891, 189.25, '2021-12-29', '18:37:06', 38.965, -0.212, 1, 5),
(892, 170.66, '2021-12-29', '17:58:37', 39.006, -0.196, 1, 6),
(893, 196.36, '2021-12-29', '04:46:33', 38.987, -0.183, 1, 5),
(894, 198.56, '2021-12-29', '09:57:30', 38.962, -0.207, 1, 4),
(895, 156.5, '2021-12-29', '02:41:45', 38.987, -0.2, 1, 5),
(896, 100.89, '2021-12-29', '16:48:43', 38.962, -0.174, 1, 4),
(897, 109.37, '2021-12-29', '07:32:05', 38.968, -0.207, 1, 3),
(898, 171.45, '2021-12-29', '16:42:20', 39.008, -0.179, 1, 3),
(899, 115.31, '2021-12-29', '08:12:12', 38.989, -0.179, 1, 3),
(900, 106.15, '2021-12-29', '19:23:22', 38.99, -0.169, 1, 3),
(901, 135.22, '2021-12-29', '21:04:33', 39.002, -0.196, 1, 3),
(902, 134.58, '2021-12-29', '11:44:43', 39.001, -0.199, 1, 4),
(903, 189.48, '2021-12-29', '02:34:26', 38.985, -0.188, 1, 3),
(904, 117.18, '2021-12-29', '03:45:26', 38.97, -0.206, 1, 6),
(905, 145.3, '2021-12-29', '01:36:07', 38.991, -0.201, 1, 3),
(906, 100.41, '2021-12-29', '07:01:51', 38.983, -0.171, 1, 3),
(907, 197.72, '2021-12-29', '06:10:04', 38.989, -0.181, 1, 6),
(908, 195.81, '2021-12-29', '23:04:21', 38.978, -0.206, 1, 4),
(909, 104.66, '2021-12-29', '13:48:55', 38.98, -0.187, 1, 6),
(910, 101.77, '2021-12-29', '22:19:39', 38.981, -0.176, 1, 3),
(911, 161.76, '2021-12-29', '01:32:38', 38.981, -0.213, 1, 6),
(912, 100.87, '2021-12-29', '01:10:52', 38.991, -0.178, 1, 4),
(913, 168.08, '2021-12-29', '23:21:48', 38.971, -0.206, 1, 5),
(914, 142.4, '2021-12-29', '21:28:55', 38.967, -0.195, 1, 4),
(915, 184.12, '2021-12-29', '01:36:55', 38.994, -0.179, 1, 5),
(916, 133.48, '2021-12-29', '04:32:07', 39, -0.174, 1, 3),
(917, 169.46, '2021-12-29', '14:47:07', 38.998, -0.211, 1, 5),
(918, 183.38, '2021-12-29', '10:27:33', 38.96, -0.191, 1, 5),
(919, 144.12, '2021-12-29', '01:51:12', 38.968, -0.174, 1, 3),
(920, 134.74, '2021-12-29', '13:44:02', 38.974, -0.181, 1, 3),
(921, 101.08, '2021-12-29', '07:25:10', 38.962, -0.191, 1, 5),
(922, 116.05, '2021-12-29', '12:57:10', 39.009, -0.182, 1, 5),
(923, 135.1, '2021-12-29', '23:54:42', 38.995, -0.171, 1, 5),
(924, 173.48, '2021-12-29', '05:14:57', 38.997, -0.172, 1, 6),
(925, 176.51, '2021-12-29', '15:58:34', 38.965, -0.192, 1, 3),
(926, 112.27, '2021-12-29', '21:16:42', 38.965, -0.201, 1, 4),
(927, 121.49, '2021-12-29', '07:28:43', 38.983, -0.197, 1, 5),
(928, 114.89, '2021-12-29', '18:08:04', 38.96, -0.197, 1, 5),
(929, 173.3, '2021-12-29', '20:34:11', 38.976, -0.167, 1, 3),
(930, 133.61, '2021-12-29', '17:15:59', 38.985, -0.167, 1, 5),
(931, 194.41, '2021-12-29', '16:43:17', 39.006, -0.17, 1, 3),
(932, 102.45, '2021-12-29', '17:16:39', 38.965, -0.199, 1, 6),
(933, 134.34, '2021-12-29', '01:32:37', 38.988, -0.204, 1, 3),
(934, 159.9, '2021-12-29', '18:00:18', 38.985, -0.189, 1, 6),
(935, 133.49, '2021-12-29', '22:06:32', 38.982, -0.197, 1, 4),
(936, 171.15, '2021-12-29', '05:10:15', 39.007, -0.192, 1, 3),
(937, 184.43, '2021-12-29', '08:46:40', 38.98, -0.187, 1, 4),
(938, 181.51, '2021-12-29', '09:02:01', 38.967, -0.179, 1, 4),
(939, 120.41, '2021-12-29', '08:07:59', 38.96, -0.209, 1, 4),
(940, 104.08, '2021-12-29', '21:34:34', 38.965, -0.179, 1, 6),
(941, 172.73, '2021-12-29', '18:58:36', 39.003, -0.182, 1, 5),
(942, 189.74, '2021-12-29', '12:55:36', 38.988, -0.179, 1, 4),
(943, 105.62, '2021-12-29', '08:21:51', 38.985, -0.205, 1, 5),
(944, 169.03, '2021-12-29', '08:17:59', 38.995, -0.198, 1, 4),
(945, 124.08, '2021-12-29', '18:01:59', 39, -0.178, 1, 5),
(946, 144.81, '2021-12-29', '06:07:12', 39.008, -0.174, 1, 3),
(947, 168.34, '2021-12-29', '12:13:33', 38.968, -0.183, 1, 4),
(948, 176.89, '2021-12-29', '10:32:00', 38.989, -0.167, 1, 4),
(949, 100.68, '2021-12-29', '14:32:42', 39, -0.192, 1, 4),
(950, 139.28, '2021-12-29', '18:28:00', 38.978, -0.177, 1, 3),
(951, 180.42, '2021-12-29', '12:43:02', 38.96, -0.208, 1, 4),
(952, 160.54, '2021-12-29', '06:50:53', 39.001, -0.198, 1, 4),
(953, 147.35, '2021-12-29', '19:07:14', 39.008, -0.215, 1, 3),
(954, 151.26, '2021-12-29', '13:09:29', 39.009, -0.197, 1, 3),
(955, 179.78, '2021-12-29', '07:27:34', 38.986, -0.189, 1, 6),
(956, 116.74, '2021-12-29', '12:54:58', 38.992, -0.201, 1, 6),
(957, 109.59, '2021-12-29', '20:09:58', 39.01, -0.197, 1, 3),
(958, 178.89, '2021-12-29', '11:08:50', 38.982, -0.174, 1, 5),
(959, 167.29, '2021-12-29', '01:43:59', 38.99, -0.207, 1, 3),
(960, 161.33, '2021-12-29', '14:47:01', 38.965, -0.19, 1, 3),
(961, 147.41, '2021-12-29', '14:45:25', 38.973, -0.185, 1, 5),
(962, 155.82, '2021-12-29', '05:08:37', 38.968, -0.212, 1, 3),
(963, 108.63, '2021-12-29', '18:21:05', 39.009, -0.215, 1, 3),
(964, 108.96, '2021-12-29', '14:37:53', 39.005, -0.176, 1, 4),
(965, 146.88, '2021-12-29', '19:20:14', 38.989, -0.17, 1, 6),
(966, 171.02, '2021-12-29', '07:22:48', 39, -0.208, 1, 3),
(967, 164.7, '2021-12-29', '03:14:56', 38.975, -0.186, 1, 5),
(968, 133.26, '2021-12-29', '13:27:57', 38.997, -0.21, 1, 3),
(969, 181.97, '2021-12-29', '14:18:18', 38.963, -0.211, 1, 3),
(970, 116.32, '2021-12-29', '13:38:36', 38.963, -0.214, 1, 4),
(971, 117.67, '2021-12-29', '12:23:25', 38.973, -0.204, 1, 5),
(972, 146.82, '2021-12-29', '17:46:47', 38.986, -0.215, 1, 5),
(973, 141.85, '2021-12-29', '11:30:25', 38.969, -0.186, 1, 5),
(974, 188.4, '2021-12-29', '21:38:43', 38.967, -0.186, 1, 6),
(975, 164.83, '2021-12-29', '02:41:36', 38.971, -0.171, 1, 5),
(976, 115.9, '2021-12-29', '06:17:18', 38.988, -0.215, 1, 5),
(977, 131.98, '2021-12-29', '01:48:12', 38.976, -0.197, 1, 5),
(978, 103.05, '2021-12-29', '12:14:22', 38.977, -0.182, 1, 5),
(979, 167.86, '2021-12-29', '18:34:14', 38.99, -0.183, 1, 6),
(980, 176.8, '2021-12-29', '02:35:23', 39.007, -0.181, 1, 6),
(981, 195.1, '2021-12-29', '07:30:23', 38.982, -0.203, 1, 4),
(982, 167.33, '2021-12-29', '15:01:02', 39.006, -0.177, 1, 3),
(983, 142.14, '2021-12-29', '10:03:31', 38.962, -0.186, 1, 5),
(984, 162.84, '2021-12-29', '15:17:25', 39.006, -0.169, 1, 5),
(985, 179.68, '2021-12-29', '07:11:14', 38.995, -0.169, 1, 4),
(986, 100.23, '2021-12-29', '11:57:19', 38.96, -0.193, 1, 6),
(987, 106.44, '2021-12-29', '16:48:00', 38.961, -0.183, 1, 6),
(988, 104.07, '2021-12-29', '01:36:40', 38.998, -0.17, 1, 5),
(989, 170.93, '2021-12-29', '03:37:56', 38.962, -0.21, 1, 5),
(990, 145.68, '2021-12-29', '20:43:37', 38.987, -0.193, 1, 4),
(991, 134.42, '2021-12-29', '21:10:35', 39.005, -0.171, 1, 4),
(992, 185.53, '2021-12-29', '08:08:13', 39.006, -0.185, 1, 6),
(993, 128.55, '2021-12-29', '07:22:28', 38.96, -0.191, 1, 5),
(994, 180.13, '2021-12-29', '09:53:03', 39.005, -0.191, 1, 5),
(995, 147.37, '2021-12-29', '05:20:47', 38.972, -0.187, 1, 4),
(996, 136.2, '2021-12-29', '19:35:25', 39.008, -0.183, 1, 4),
(997, 158.56, '2021-12-29', '13:50:45', 38.986, -0.203, 1, 4),
(998, 182.89, '2021-12-29', '20:24:08', 38.997, -0.17, 1, 3),
(999, 187.58, '2021-12-29', '19:55:35', 39.006, -0.205, 1, 4),
(1000, 178.29, '2021-12-29', '14:28:50', 38.96, -0.198, 1, 6);

-- --------------------------------------------------------

--
-- Table structure for table `notificacion`
--

CREATE TABLE `notificacion` (
  `id_notificacion` int(11) NOT NULL,
  `id_usuario` int(11) NOT NULL,
  `descripcion` int(11) NOT NULL,
  `fecha` date NOT NULL,
  `hora` time NOT NULL,
  `id_tipoNotificacion` int(11) NOT NULL
) ENGINE=InnoDB DEFAULT CHARSET=utf8mb4;

-- --------------------------------------------------------

--
-- Table structure for table `sensor`
--

CREATE TABLE `sensor` (
  `id_sensor` int(11) NOT NULL,
  `direccion_mac` varchar(40) DEFAULT NULL,
  `modelo` varchar(40) DEFAULT NULL
) ENGINE=InnoDB DEFAULT CHARSET=utf8mb4;

--
-- Dumping data for table `sensor`
--

INSERT INTO `sensor` (`id_sensor`, `direccion_mac`, `modelo`) VALUES
(1, 'EA:86:B7:6C:64:9B', 'Pro Max V9'),
(2, 'EA:86:B7:6C:64:9A', 'Pro Max V9');

-- --------------------------------------------------------

--
-- Table structure for table `tipo_medicion`
--

CREATE TABLE `tipo_medicion` (
  `id_tipoMedicion` int(11) NOT NULL,
  `definicion` varchar(40) NOT NULL
) ENGINE=InnoDB DEFAULT CHARSET=utf8mb4;

--
-- Dumping data for table `tipo_medicion`
--

INSERT INTO `tipo_medicion` (`id_tipoMedicion`, `definicion`) VALUES
(3, 'NO2'),
(4, 'SO'),
(5, 'O3'),
(6, 'CO2');

-- --------------------------------------------------------

--
-- Table structure for table `tipo_notificacion`
--

CREATE TABLE `tipo_notificacion` (
  `id_tipoNotificacion` int(11) NOT NULL,
  `definicion` varchar(40) NOT NULL
) ENGINE=InnoDB DEFAULT CHARSET=utf8mb4;

-- --------------------------------------------------------

--
-- Table structure for table `usuario`
--

CREATE TABLE `usuario` (
  `id_usuario` int(11) NOT NULL,
  `mail` varchar(40) NOT NULL,
  `nombre` varchar(40) NOT NULL,
  `apellidos` varchar(80) NOT NULL,
  `isAutobusero` tinyint(1) DEFAULT NULL,
  `fechaNacimiento` date DEFAULT NULL,
  `matricula` varchar(10) DEFAULT NULL,
  `telefono` varchar(20) NOT NULL,
  `password` varchar(40) NOT NULL,
  `id_sensor` int(11) DEFAULT NULL
) ENGINE=InnoDB DEFAULT CHARSET=utf8mb4;

--
-- Dumping data for table `usuario`
--

INSERT INTO `usuario` (`id_usuario`, `mail`, `nombre`, `apellidos`, `isAutobusero`, `fechaNacimiento`, `matricula`, `telefono`, `password`, `id_sensor`) VALUES
(1, 'pacolopez@gmail.com', 'Paquito', 'lopez', 0, '1998-12-09', '4645HH', '678 047 001', '123', 1),
(2, 'juancarloshr123@gmail.com', 'Juan Carlos', 'sdfsadfs', 0, '1999-01-14', '4645HH', '678 047 687', '123', NULL),
(8, 'alberto@gmail.com', 'Alberto', 'Valls', 0, '1999-02-08', 'Sin Matric', '741741741', '123', NULL),
(9, 'jc@coreanhotel.es', 'Juan Carlos', 'Hernandez Ramirez', 0, '1999-02-08', 'Sin Matric', '678047687', '123', NULL),
(11, '@mail', 'Antonio', 'Bu', 0, '1999-02-08', 'Sin Matric', '636363631', '123', NULL),
(12, '@test', 'Manuel', 'ginal', 0, '1999-02-08', 'Sin Matric', '321321321', '1234', NULL),
(13, 'testFinal@gmail.com', 'test', 'Finalisimo', 0, '1999-02-08', 'Sin Matric', '741741741', 'hola', NULL);

--
-- Indexes for dumped tables
--

--
-- Indexes for table `mediciones`
--
ALTER TABLE `mediciones`
  ADD PRIMARY KEY (`id`),
  ADD KEY `id_tipoMedicion` (`id_tipoMedicion`),
  ADD KEY `id_sensor` (`id_sensor`);

--
-- Indexes for table `notificacion`
--
ALTER TABLE `notificacion`
  ADD PRIMARY KEY (`id_notificacion`),
  ADD KEY `id_usuario` (`id_usuario`),
  ADD KEY `id_tipoNotificacion` (`id_tipoNotificacion`);

--
-- Indexes for table `sensor`
--
ALTER TABLE `sensor`
  ADD PRIMARY KEY (`id_sensor`);

--
-- Indexes for table `tipo_medicion`
--
ALTER TABLE `tipo_medicion`
  ADD PRIMARY KEY (`id_tipoMedicion`);

--
-- Indexes for table `tipo_notificacion`
--
ALTER TABLE `tipo_notificacion`
  ADD PRIMARY KEY (`id_tipoNotificacion`);

--
-- Indexes for table `usuario`
--
ALTER TABLE `usuario`
  ADD PRIMARY KEY (`id_usuario`),
  ADD KEY `fk_sensor` (`id_sensor`);

--
-- AUTO_INCREMENT for dumped tables
--

--
-- AUTO_INCREMENT for table `mediciones`
--
ALTER TABLE `mediciones`
  MODIFY `id` int(11) NOT NULL AUTO_INCREMENT, AUTO_INCREMENT=1792;

--
-- AUTO_INCREMENT for table `notificacion`
--
ALTER TABLE `notificacion`
  MODIFY `id_notificacion` int(11) NOT NULL AUTO_INCREMENT;

--
-- AUTO_INCREMENT for table `sensor`
--
ALTER TABLE `sensor`
  MODIFY `id_sensor` int(11) NOT NULL AUTO_INCREMENT, AUTO_INCREMENT=3;

--
-- AUTO_INCREMENT for table `tipo_medicion`
--
ALTER TABLE `tipo_medicion`
  MODIFY `id_tipoMedicion` int(11) NOT NULL AUTO_INCREMENT, AUTO_INCREMENT=7;

--
-- AUTO_INCREMENT for table `tipo_notificacion`
--
ALTER TABLE `tipo_notificacion`
  MODIFY `id_tipoNotificacion` int(11) NOT NULL AUTO_INCREMENT;

--
-- AUTO_INCREMENT for table `usuario`
--
ALTER TABLE `usuario`
  MODIFY `id_usuario` int(11) NOT NULL AUTO_INCREMENT, AUTO_INCREMENT=14;

--
-- Constraints for dumped tables
--

--
-- Constraints for table `mediciones`
--
ALTER TABLE `mediciones`
  ADD CONSTRAINT `mediciones_ibfk_1` FOREIGN KEY (`id_sensor`) REFERENCES `sensor` (`id_sensor`) ON DELETE CASCADE ON UPDATE CASCADE;

--
-- Constraints for table `notificacion`
--
ALTER TABLE `notificacion`
  ADD CONSTRAINT `notificacion_ibfk_1` FOREIGN KEY (`id_usuario`) REFERENCES `usuario` (`id_usuario`) ON DELETE CASCADE ON UPDATE CASCADE,
  ADD CONSTRAINT `notificacion_ibfk_2` FOREIGN KEY (`id_tipoNotificacion`) REFERENCES `tipo_notificacion` (`id_tipoNotificacion`) ON DELETE CASCADE ON UPDATE CASCADE;

--
-- Constraints for table `usuario`
--
ALTER TABLE `usuario`
  ADD CONSTRAINT `fk_sensor` FOREIGN KEY (`id_sensor`) REFERENCES `sensor` (`id_sensor`);
COMMIT;

/*!40101 SET CHARACTER_SET_CLIENT=@OLD_CHARACTER_SET_CLIENT */;
/*!40101 SET CHARACTER_SET_RESULTS=@OLD_CHARACTER_SET_RESULTS */;
/*!40101 SET COLLATION_CONNECTION=@OLD_COLLATION_CONNECTION */;
